id,name,asset_class,category,published_year,data_availability,claimed_return,my_estimated_return,decay_evidence,parameter_count,arb_type,latency_class,verdict,blocker,my_verdict
xs-mr-khandani-lo,Cross-Sectional Mean Reversion (Khandani-Lo Linear Long-Short),equities,mean-reversion,2007,testable_here,"13.7% APR, Sharpe 1.3 on SPX (Chan's replication); Chan separately cites Sharpe 4.7 for the intraday variant",-2% to +4%,yes,1,,,test_now,,
xs-mr-intraday-open,Intraday Cross-Sectional Reversal (Close-to-Open Signal),equities,mean-reversion,2013,testable_here,Chan cites Sharpe 4.7 for the intraday cross-sectional mean reversion variant on SPX,-5% to +3%,yes,1,,,test_with_tweaks,,
pead,Post-Earnings Announcement Drift,equities,event-driven,1968,testable_here,Chan does not state a headline figure for Example 7.2. The academic literature typically reports 5-10% annualised on a long-short 60-day drift portfolio.,3-7% on a long-short book,yes,3,,,test_now,Requires earnings announcement dates with before-open versus after-close timing. The local database holds quarterly fundamentals with filing dates; whether it has announcement timestamps at that granularity is unverified and is the gating q,
osap-cf,Cash flow to market (CF),equities,value,1994,testable_here,Monthly long-short return 0.658333333% with t-statistic 3.379,2-5% long-short,yes,2,,,test_with_tweaks,Requires the specific accounting fields named in the definition. Whether the local fundamentals table carries them is unverified and is the gating question.,
osap-ep,Earnings-to-Price Ratio (EP),equities,value,1977,testable_here,not stated numerically in OSAP's summary,0-4% long-short,yes,3,,,test_with_tweaks,Requires the specific accounting fields named in the definition. Whether the local fundamentals table carries them is unverified and is the gating question.,
osap-bookleverage,Book leverage (annual) (BookLeverage),equities,value,1992,testable_here,t-statistic 5.34,2-5% long-short,yes,2,,,test_with_tweaks,Requires the specific accounting fields named in the definition. Whether the local fundamentals table carries them is unverified and is the gating question.,
osap-divyieldst,Predicted div yield next month (DivYieldST),equities,value,1979,testable_here,t-statistic 6.3,2-5% long-short,yes,3,,,test_with_tweaks,Requires the specific accounting fields named in the definition. Whether the local fundamentals table carries them is unverified and is the gating question.,
osap-gp,gross profits / total assets (GP),equities,quality,2013,testable_here,Monthly long-short return 0.31% with t-statistic 2.49,2-5% long-short,yes,2,,,test_now,Requires the specific accounting fields named in the definition. Whether the local fundamentals table carries them is unverified and is the gating question.,
osap-ps,Piotroski F-score (PS),equities,quality,2000,testable_here,Monthly long-short return 1.958333333% with t-statistic 5.594,0-4% long-short,yes,3,,,test_now,Requires the specific accounting fields named in the definition. Whether the local fundamentals table carries them is unverified and is the gating question.,
osap-idiovol3f,Idiosyncratic risk (3 factor) (IdioVol3F),equities,volatility,2006,testable_here,Monthly long-short return 1.06% with t-statistic 3.1,0-4% long-short,yes,3,,,test_now,,
osap-realizedvol,Realized (Total) Volatility (RealizedVol),equities,volatility,2006,testable_here,Monthly long-short return 0.97% with t-statistic 2.86,0-4% long-short,yes,3,,,test_now,,
osap-coskewacx,Coskewness using daily returns (CoskewACX),equities,volatility,2006,testable_here,Monthly long-short return 0.28% with t-statistic 2.76,0-4% long-short,yes,3,,,test_now,,
osap-indmom,Industry Momentum (IndMom),equities,momentum,1999,testable_here,Monthly long-short return 0.43% with t-statistic 4.65,0-4% long-short,yes,3,,,test_with_tweaks,,
osap-momvol,Momentum in high volume stocks (MomVol),equities,momentum,2000,testable_here,Monthly long-short return 1.55% with t-statistic 5.78,0-4% long-short,yes,3,,,test_with_tweaks,,
osap-firmagemom,Firm Age - Momentum (FirmAgeMom),equities,momentum,2006,testable_here,Monthly long-short return 2.9% with t-statistic 7.21,0-4% long-short,yes,3,,,test_with_tweaks,,
osap-investment,Investment to revenue (Investment),equities,value,2004,testable_here,Monthly long-short return 0.168333333% with t-statistic 2.86,2-5% long-short,yes,3,,,test_now,Requires the specific accounting fields named in the definition. Whether the local fundamentals table carries them is unverified and is the gating question.,
osap-delequ,Change in equity to assets (DelEqu),equities,value,2005,testable_here,t-statistic 6.25,2-5% long-short,yes,3,,,test_now,Requires the specific accounting fields named in the definition. Whether the local fundamentals table carries them is unverified and is the gating question.,
osap-delnetfin,Change in net financial assets (DelNetFin),equities,value,2005,testable_here,t-statistic 5.85,2-5% long-short,yes,3,,,test_now,Requires the specific accounting fields named in the definition. Whether the local fundamentals table carries them is unverified and is the gating question.,
osap-shareiss5y,Share issuance (5 year) (ShareIss5Y),equities,event-driven,2006,testable_here,t-statistic 4.39,2-5% long-short,yes,3,,,test_now,Requires the specific accounting fields named in the definition. Whether the local fundamentals table carries them is unverified and is the gating question.,
osap-announcementreturn,Earnings announcement return (AnnouncementReturn),equities,event-driven,1996,testable_here,t-statistic 9.25,0-4% long-short,yes,2,,,test_with_tweaks,,
osap-earningssurprise,Earnings Surprise (EarningsSurprise),equities,event-driven,1984,testable_here,not stated numerically in OSAP's summary,0-4% long-short,yes,3,,,test_with_tweaks,Requires the specific accounting fields named in the definition. Whether the local fundamentals table carries them is unverified and is the gating question.,
osap-divinit,Dividend Initiation (DivInit),equities,event-driven,1995,testable_here,Monthly long-short return 0.625% with t-statistic 3.37,0-4% long-short,yes,3,,,test_with_tweaks,,
osap-divomit,Dividend Omission (DivOmit),equities,event-driven,1995,testable_here,Monthly long-short return 0.916666667% with t-statistic 6.33,0-4% long-short,yes,3,,,test_with_tweaks,,
osap-betaliquidityps,Pastor-Stambaugh liquidity beta (BetaLiquidityPS),equities,other,2003,testable_here,Monthly long-short return 0.533333333% with t-statistic 2.54,2-5% long-short,yes,3,,,test_with_tweaks,,
osap-delbreadth,Breadth of ownership (DelBreadth),equities,other,2002,testable_here,Monthly long-short return 0.673333333% with t-statistic 3.96,0-4% long-short,yes,2,,,test_with_tweaks,,
osap-intansp,Intangible return using Sale2P (IntanSP),equities,mean-reversion,2006,testable_here,t-statistic 4.24,2-5% long-short,yes,3,,,test_with_tweaks,Requires the specific accounting fields named in the definition. Whether the local fundamentals table carries them is unverified and is the gating question.,
futures-carry-carver10,Futures Carry (Carver Strategy 10),futures,carry,2023,testable_with_purchase,"Carver reports Sharpe ratios in the 0.6-1.0 band for carry on a diversified futures portfolio, and higher when combined with trend","4-8% at a 20% risk target, largely uncorrelated with equities",yes,4,,,blocked_on_data,Futures data is not entitled locally. Continuous-contract futures history with multiple expiries per instrument is needed. Norgate Data (roughly $400-900/yr depending on package) and CSI Data are the usual retail sources; Carver's own work ,
futures-trend-ewmac,Trend Following with EWMAC Filters (Carver Strategies 7-9),futures,momentum,2023,testable_with_purchase,"Carver reports Sharpe in the 0.7-1.0 band for multi-speed trend on a diversified portfolio, net of his modelled costs",3-7% at a 20% risk target,yes,4,,,blocked_on_data,"Futures data not entitled locally - same gap as carry. Norgate or CSI, roughly $400-900/yr.",
crypto-perp-funding-carry,Crypto Spot-Perpetual Basis (Funding Rate Carry),crypto,carry,2024,testable_here,Commonly cited retail figures are 0.5-1.5 in favourable regimes. No peer-reviewed figure located.,"3-8% on deployed capital in current conditions, against a buy-and-hold benchmark this is largely uncorrelated with",yes,3,,,test_now,Crypto funding and price history is free and deep from exchange APIs. This is the only non-equity entry in the catalogue that is fully testable today at zero data cost.,
event-internal-noarb-yesno,Event Contract Internal No-Arbitrage (Yes + No Below $1),event_contracts,arbitrage,,manual_evaluation_only,No credible published figure. Retail sources claiming consistent returns from this trade do not net out the quadratic fee.,Unknown and possibly zero; the honest answer is that no one can estimate this without the book data that does not yet exist,yes,2,riskless,minutes,test_now,"CRITICAL AND TIME-SENSITIVE. Kalshi does not publish historical order book data, and settled markets are purged from the API. This strategy cannot be backtested at all. The only way to evaluate it is to begin recording top-of-book snapshots",
event-multi-outcome-overround,Event Contract Mutually Exclusive Overround,event_contracts,arbitrage,,manual_evaluation_only,No credible published figure located.,Unknown without recorded data; likely rare,yes,2,riskless,minutes,test_with_tweaks,"Same perishability problem as the yes/no bound, and worse - it requires synchronised book snapshots across all legs of a group. Cannot be reconstructed after the fact. Recording must begin now.",
crypto-cross-exchange-arb,Cross-Exchange Crypto Spot Arbitrage,crypto,arbitrage,,manual_evaluation_only,Historical accounts of large spreads date to 2017-2018 and do not describe current conditions.,Negative,yes,1,riskless,sub_second,reject,Would require sub-second multi-venue book data that is not held locally and would not change the verdict.,
cef-discount,Closed-End Fund Discount Mean Reversion,equities,mean-reversion,1991,testable_with_purchase,No single authoritative figure. Practitioner accounts cite mid-single-digit annualised excess returns on discount-convergence portfolios.,3-6% over a matched benchmark,yes,4,statistical,days,blocked_on_data,Historical NAV time series for closed-end funds are not in the local database and are not freely available in clean form. Sources: CEFConnect publishes current and some historical data but does not offer bulk download; Morningstar Direct an,
fx-carry,G10 Currency Carry,fx,carry,2013,testable_with_purchase,Academic long-short G10 carry portfolios typically report Sharpe in the 0.4-0.7 band pre-cost,2-5%,yes,3,,,blocked_on_data,"FX spot and forward history is not held locally. Broker feeds (Interactive Brokers, OANDA) provide spot history free with an account; clean forward-points history is harder and typically requires a paid feed or careful construction from dep",
vrp-short-vol,Volatility Risk Premium (Systematic Short Straddle or Strangle),options,volatility,2019,testable_with_purchase,Cboe's PUT and BXM indices have historically shown returns comparable to the S&P 500 at meaningfully lower volatility. Malkiel et al. report improved risk-adjusted returns from VIX-conditioned option ,"0-4% over buy-and-hold in normal years, with occasional single-year losses exceeding 30%",yes,4,,,manual_only,Option chain history is not entitled locally. OptionMetrics IvyDB is the academic standard at institutional pricing; CBOE DataShop sells historical option data at roughly $500-2000 for a meaningful SPX history; ORATS and Polygon offer cheap,
adr-ordinary-parity,ADR versus Ordinary Share Parity,cross,arbitrage,2004,blocked_on_data,Gagnon and Karolyi find average absolute deviations of a few tens of basis points with a long tail of much larger ones,Approximately zero to negative after realistic costs,yes,3,statistical,minutes,reject,"Requires synchronised intraday prices on two exchanges plus intraday FX. Local data is US daily bars only. Intraday international equity data is expensive; realistic sources are Refinitiv or Bloomberg at institutional pricing, or a broker f",
event-narrative-fade,Event Contract Narrative Overpricing Fade,event_contracts,other,2008,manual_evaluation_only,Racetrack studies typically find longshots at odds beyond 20-to-1 return substantially less than their implied probability. No figure specific to Kalshi located.,Unknown. Could plausibly be 5-15% on committed capital if the bias transfers at racetrack magnitudes; could equally be negative if it does not.,yes,3,statistical,days,manual_only,PERISHABLE AND URGENT. Kalshi purges settled markets. Testing whether the bias exists on this venue requires a history of settled prices and outcomes which is being destroyed continuously. This is the strongest argument in the entire catalo,
event-cross-venue,Cross-Venue Event Contract Pricing (Kalshi versus Polymarket),event_contracts,arbitrage,,manual_evaluation_only,No systematic study located.,"Unknown without recorded data. Plausibly attractive during high-attention events, near zero the rest of the time.",yes,2,statistical,minutes,test_with_tweaks,"Neither venue publishes historical order book data, and Kalshi purges settled markets. Cannot be backtested. Recording must begin now.",
equity-order-flow-imbalance,Signed Order Flow Imbalance,equities,microstructure,2017,blocked_on_data,Chan presents the strategy without a headline annualised figure in a form directly comparable to the other entries here.,Near zero net at retail cost levels,yes,3,,,blocked_on_data,"Requires tick-level trade and quote data, which is explicitly unavailable locally. NYSE TAQ through WRDS is the academic route at institutional pricing; Polygon and Databento sell retail tick data at roughly $200-2000/month depending on dep",
equity-buy-on-gap,Buy-on-Gap Mean Reversion in Stocks,equities,mean-reversion,2013,testable_here,Chan reports favourable Sharpe ratios for gap strategies; the FSTX futures gap momentum variant he details separately returns 13% APR at Sharpe 1.4.,Near zero in a liquid universe; positive but untradeable in microcaps,yes,3,,,reject,"Pre-empted by the project's existing finding that gap fades are a microcap-only phenomenon in names that cannot be borrowed. Re-testing it would mostly reproduce work already done, and the information gained per day of effort is low.",
equity-turn-of-month,Turn-of-Month Seasonality,equities,seasonality,1988,testable_here,Ariel's original finding was that essentially all of the market's cumulative return accrued in the first half of the month. Later turn-of-month studies attribute a large majority of index return to th,Probably negative versus buy-and-hold on post-1990 data. Being out of the market 80% of the time sacrifices a great deal of equity risk premium.,yes,2,,,test_with_tweaks,,
